science	@femfreq You are a despicable whore :)	removecomment	No Parent
science	@femfreq kill yourself feminists are a waste of air also more games should have girl characters half naked such as "Tomb Raider" etc	removecomment	No Parent
science	@femfreq shut the fuck up bitch I'm the lawyer of this community got something to say take it up with me	removecomment	No Parent
science	@femfreq you criticize gamers for "threatening you" 1v1 me gta u be the prostitute and I'll be the guy that runs over you attention whore.	removecomment	No Parent
science	@femfreq BITCH WERE NOT TALKING ABOUT THAT SO I HOPE YOU GET FUCKING RAPED U FUCKING WHORE.	removecomment	No Parent
science	@femfreq I hope every feminist has their head severed from their shoulders.	removecomment	No Parent
science	@femfreq FUCK U. ATTENTION WHORE FUCK OFF.	removecomment	No Parent
science	@femfreq kill yourself oh wait sorry did I hurt your tits with my keyboard	removecomment	No Parent
science	@femfreo fuck you and everything you stand for	removecomment	No Parent
science	@femfreq YOU STUPID FUCKING CUNT IMA FUCKING RAPE U ALLLL THE WAY TP 2069 SWEATIE FUK WE ME MY NIGGA I NAC FER DAYS 0 WAIT U DONT KNOW A NAC	removecomment	No Parent
science	how about you get cancer @femfreq	removecomment	No Parent
science	@femfreq FUCK YOU BITCH	removecomment	No Parent
science	@femfreq fuck you, bitchJ	removecomment	No Parent
science	@femfreq oi fuck you mother fucker slut bitch female ass hoe slut fuck you show me your tits	removecomment	No Parent
science	@femfreq Just putting it out there, you deserve all those death threats you are getting.	removecomment	No Parent
science	nobody comes at call of duty like that. i'll quickscope you irl, fgt. @femfreq	removecomment	No Parent
science	@femfreq @Nightline please shut the fuck up but wait you'll make a article about how I threatened you and act like I'm satan well bitch u r	removecomment	No Parent
science	@femfreq lol dumb bitch	removecomment	No Parent
science	@femfreq and gta is a game where there is reality ... I can choose to pick up a slut or not kill a slut or not run over a slut or not	removecomment	No Parent
science	@femfreq kill yourself you piece of garbage. You shouldn't be able to breathe. Such a waste of oxygen.	removecomment	No Parent
science	@femfreq fuck you're a dumb cunt	removecomment	No Parent
science	@femfreq I Hope you fucking Kill yourself Get Ice Skates Split your throat And drink bleach	removecomment	No Parent
science	@femfreq @zCIarkeyy hi aneta, when are you going to fucking kill yourself you annoying fuckign cunt	removecomment	No Parent